,KEN1110,KEN1120,KEN1130,KEN1210,KEN1220,KEN1410,KEN1420,KEN2110,KEN2120,KEN2130,KEN2220,KEN2230,KEN2240,KEN2410,KEN2420,KEN2430,KEN2510,KEN2520,KEN2530,KEN2600,
10060,-1.0,-1.0,-1.0,-0.26690358778852674,-0.9748536973566719,-0.05782862375322406,0.231089431212407,7.579689788129745,6.261481394801513,7.1248214729849515,7.564494354953805,7.098209567853045,5.8316744653154435,7.810894007364185,7.62986440155629,7.021611283812108,8.613143891977137,7.980246330769916,6.245326270576718,4.724427664517036,
10173,0.2942006313718899,0.1955969311364223,0.2863073318093481,-0.0785780352240446,0.05478091200937474,-0.06996321591570487,-0.2734261570369194,-0.8321549559630521,-0.9207435011923887,-0.9992296336637055,-0.8987227258946262,-1.0,-0.9220148251171548,-0.8209075218705177,-1.0,-1.0,-0.96148028104599,-1.0,-1.0,-0.6459101865684378,
10546,4.386059965431011,3.9757020739202904,4.353210510919546,2.8346712522368422,3.3896696576730605,2.8705234472221632,2.0237740522228935,-0.30148119992406497,-0.6701591353920135,-0.9967939752291475,-0.5785155266933332,-1.0,-0.675449989629211,-0.2546728821013424,-1.0,-1.0,-0.8396929261903359,-1.0,-1.0,0.47361152672985507,
11320,8.096590124238606,7.403531085297683,8.041110232552754,5.998073436997646,6.431666144473799,6.207394873229947,4.9828919012018655,6.284734567508259,4.724080005457122,4.786743514112832,5.806034995042164,4.7623927469032585,4.409309158975034,6.528306325855646,5.1406990789286775,4.707888181087268,6.111109969422416,5.390018174789251,4.155511869716601,5.562098085970777,
11707,-1.0,-1.0,-1.0,-0.4400116123448232,-0.9807915613305931,-0.28030608104095456,-0.05961102228788795,5.553744597580187,4.546808292235868,5.206285559245839,5.5421373028476335,5.185957594739377,4.218492827261942,5.730353943624593,5.592071344793688,5.127446669214804,6.3431664085304575,5.859716648106465,4.534467920879088,3.372703187063033,
11867,-1.0,-1.0,-1.0,-0.28083252552202487,-0.9753314807394743,-0.07573001600589813,0.20769855417892513,7.41667444275234,6.123512199322803,6.970448691304565,7.401767725001841,6.944342416214461,5.701871663585924,7.643485748422076,7.465895731275667,6.869199510635521,8.430492769336146,7.80962035321884,6.107664024792013,4.6156627119531,
11895,10.891248765241695,9.98526780660906,10.818724315475926,8.253275930021346,8.718436338309496,8.556922221981239,6.997707029193193,9.754545678354889,7.525170071279268,7.731035381855216,9.126598182898737,7.6953828723215345,7.051987522203715,10.10614180367701,8.266242677348261,7.6131361236398565,9.675953720299598,8.64246226027304,6.779606767358149,8.399968663956184,
12940,-1.0,-1.0,-1.0,-0.948215025487204,-0.9982236979750759,-0.9334462426866293,-0.913037448067722,-0.39394190231307635,-0.48705842411561984,-0.42607320689195705,-0.39501528789595364,-0.4279530371653525,-0.5174194250946271,-0.37760993778444263,-0.3903976330543508,-0.43336384005663653,-0.3209400521656449,-0.36564711051484367,-0.48819960102263593,-0.5956338951201332,
12988,3.8987704210256675,3.5255385755079,3.86889293411679,2.7851325154231796,3.002726918545469,2.9025558885409453,2.2496184246725357,3.115819064160501,2.2457426634508524,2.2988878161080697,2.8576844005350317,2.28517627658066,2.0665720031368897,3.2521844421342383,2.500851091164939,2.2541028814740445,3.0455388344235166,2.642989472735661,1.9391896789966094,2.6625017411414946,
13148,7.434637124902512,6.79201154545335,7.383194469170212,5.678442346825653,5.897372640424398,5.926608498742774,4.8659400067647685,7.973752031264233,6.185712824420508,6.467117866343057,7.5259568438577364,6.437655962498142,5.78267878161498,8.259399827540062,6.925944850400094,6.367305636387079,8.080063217551704,7.247746876283973,5.654340528617109,6.565192405383109,
13985,-0.22570549928587358,-0.2846981322607589,-0.2304279034445601,-0.4487315622718031,-0.36894555617597524,-0.44357748719766066,-0.5653053187180961,-0.8995816479921153,-0.9525824128925532,-0.9995391051408344,-0.9394078209466006,-1.0,-0.9533430207146413,-0.8928525318459097,-1.0,-1.0,-0.9769544181696715,-1.0,-1.0,-0.788155106207666,
14020,8.141071370007015,7.444623354645026,8.085320188237342,6.10667725898056,6.470557594543041,6.338236170669721,5.137060770784053,7.19089950128474,5.488860706717716,5.639429959016124,6.708317330863826,5.612259926293638,5.128940046453446,7.459121573446222,6.046360812676142,5.5497167481080165,7.1212859492093585,6.332450765032232,4.915873150780671,6.175018503849813,
14336,-1.0,-1.0,-1.0,-0.7934681149264543,-0.9929156476541884,-0.7345663855977904,-0.6531708289835791,1.4171165971789401,1.0457438011062266,1.2889686359801042,1.4128356575834662,1.2814713861767513,0.9246562689811562,1.4822526999343735,1.4312520605657553,1.2598917034326353,1.7082668751631451,1.5299635521660186,1.0411924921594546,0.6127167134175138,
14576,-1.0,-1.0,-1.0,-0.2011078813735,-0.9725968062867065,0.026731647217372867,0.3415802171955855,8.349720497636131,6.9132023554174244,7.854027562943029,8.33316126804346,7.825027228311212,6.4448200761184955,8.601675391239274,8.404398303384328,7.7415542165745705,9.475927535037007,8.78622715576339,6.895597302107059,5.238197416673416,
14959,10.091522692637325,9.246471970029981,10.023875753595956,7.677313427807565,8.066429048501414,7.97375757197471,6.537672067315172,9.573730353573165,7.410941987695249,7.657548134497855,8.987053664081314,7.622610797554723,6.942407356531867,9.916298700313005,8.188693049594677,7.541052375842916,9.565765643127996,8.56176403285233,6.714498866574082,8.129724948207372,
15153,-0.19504103724604782,-0.25636996132569934,-0.19995046324581323,-0.4268996235625916,-0.34395384434041665,-0.4215414311412179,-0.5480900620673137,-0.8956047700207392,-0.9507045294792843,-0.9995208522759359,-0.9370081828595682,-1.0,-0.9514952597285187,-0.8886091600192414,-1.0,-1.0,-0.9760417417028103,-1.0,-1.0,-0.7797653918315022,
15164,8.707225160188386,7.967642520054161,8.648021019614612,6.429647714994875,6.929228288589859,6.6421283947115,5.320375495207795,6.326772051349391,4.730028012156399,4.7519210271040135,5.816730007860624,4.727322030021036,4.416518678711824,6.574649349636653,5.103325937541923,4.673149186508693,6.087653095110167,5.351127643004392,4.124134713540821,5.7043755521723725,
15566,1.1639583850138058,0.9990888132135316,1.1507604531323459,0.5406566327349207,0.7636384526220465,0.5550609762545955,0.21486230318478894,-0.7193559625745569,-0.867479770134431,-0.9987119147892938,-0.8306600992155679,-1.0,-0.869605477695051,-0.7005497754004477,-1.0,-1.0,-0.9355933950282914,-1.0,-1.0,-0.4079468034172018,
15831,7.124343997652678,6.505359304912122,7.074793812489631,5.2783366441763775,5.6383355273348705,5.473333724619868,4.390827376763028,5.836400370858722,4.391806861529865,4.4810056573461905,5.40827942228158,4.458233127839854,4.0941341390197845,6.062838916640812,4.816571103855531,4.406605507192991,5.721113844365656,5.052730249578562,3.883385585507222,5.081091111835901,
16395,-0.8532011627809085,-0.8643856021863527,-0.8540964854762582,-0.4700618520391342,-0.8657654665577337,-0.34775646992152465,-0.20317296867703638,3.9979151189664845,3.222897632028322,3.7149996686530304,3.9815464007280648,3.699469142098339,2.973332320184256,4.1333609341089135,4.007993571393667,3.6550184188647723,4.582969368227675,4.211323585329682,3.204532736244893,2.3621043690401944,
16407,-1.0,-1.0,-1.0,-0.9514330181196792,-0.9983340799320631,-0.9375819886769077,-0.9184414258441358,-0.4316032222530236,-0.5189333497598965,-0.461737841453965,-0.43260990611537287,-0.4635008563764407,-0.5474076745672107,-0.41628614943808573,-0.428279198972391,-0.46857542421105536,-0.3631378118381914,-0.40506670942278833,-0.5200036122962156,-0.6207617851803001,
16454,7.960257619816989,7.277585602078558,7.905609216906081,6.088499424766056,6.32698554698239,6.350384338200266,5.221205235144397,8.461311286474638,6.572856628962025,6.864587382129644,7.985737799772908,6.833511765098293,6.148296480943844,8.762828761781691,7.347788946972939,6.759417169966682,8.565616091256398,7.686718304354391,6.008505782295457,6.988821612537117,
1716,7.522698301385235,6.87336343928097,7.470718562584853,5.77278439544809,5.9702285014308085,6.030561933410715,4.968521052935118,8.355535025822062,6.504564455425734,6.817897161514838,7.902554427338243,6.787234074722197,6.082890289025784,8.651928599849708,7.298473084075507,6.7135772049473434,8.497657998551325,7.635400163509265,5.967101943210514,6.836393983949581,
17251,-0.7736240120926352,-0.7908713457061756,-0.775004673979985,-0.5705409470782628,-0.8062995999587694,-0.4925198833572848,-0.42237473966913863,2.169228084262742,1.6713139350267139,1.9735380512670933,2.1520233349570583,1.9636642663866626,1.513797108261092,2.2558081746797978,2.158231524679508,1.9356319469737628,2.5248154708442763,2.2864591772856064,1.6515385143476227,1.1568781539114763,
1812,3.090464663144817,2.7788167302884115,3.065517014261376,2.105919229901032,2.340395007664269,2.188378888015913,1.6216354964057773,1.7969990850409667,1.1687725816051802,1.1487779630464434,1.5825900692048678,1.1393130381739662,1.0512118461969866,1.893625324206266,1.2797608875436022,1.1190779841935137,1.661260770128742,1.3723216719029998,0.9140059079229803,1.6313685648607708,
18395,-0.6939623506972334,-0.7172790172952317,-0.6958288672054214,-0.6658481855489079,-0.7465895181072828,-0.6306530530405168,-0.6329450034678666,0.40037592620863927,0.17036781005840473,0.2887287237113778,0.3822248452387993,0.284326072397459,0.10190245487410121,0.4397031524591244,0.36864324877083354,0.2721780571515704,0.5336940084133763,0.4242116609260753,0.14906404364575065,-0.008410013396190186,
18884,7.559701238319153,6.907547163789226,7.507495819466673,5.574931253072271,5.992695785675327,5.769015141422891,4.612799159303007,5.736466397899787,4.286101572229154,4.333160893470518,5.2862296521918655,4.310614316860724,3.995835955338773,5.962473954331919,4.65926098348943,4.260382973689568,5.558837621924517,4.889033166347928,3.751313620678835,5.09585553017012,
19414,7.445489015726608,6.802036642839188,7.39398017456446,5.590596150068282,5.902938719602679,5.811577846737002,4.711537638190004,6.856642181322384,5.239712386146126,5.407907377790548,6.410269820859936,5.3819083559892125,4.892700764814045,7.11224264951521,5.8008864519848595,5.321543997067728,6.827139600021697,6.077009876934565,4.709781635142392,5.821879111150368,
20642,-1.0,-1.0,-1.0,-0.7623020780596248,-0.9918466060081077,-0.6945119707106691,-0.6008336766521583,1.7818638852418882,1.3544502592042607,1.634378163765942,1.776936944080072,1.6257495653396492,1.215090398382924,1.85682914429982,1.7981324157475473,1.600913469244451,2.116949269392447,1.9117396508563638,1.3492121494645901,0.856078596877901,
20977,-1.0,-1.0,-1.0,-1.0,-1.0,-1.0,-1.0,-1.0,-1.0,-1.0,-1.0,-1.0,-1.0,-1.0,-1.0,-1.0,-1.0,-1.0,-1.0,-1.0,
2111,10.39877045374153,9.530310867469963,10.329249617748228,7.92705580724324,8.317900856061328,8.234384333668713,6.7622107850855855,9.976306305913857,7.736755982387553,8.001229219023811,9.373183767872149,7.964983906133844,7.249748316094232,10.331319599344718,8.553543264573795,7.880187090503087,9.981331300831465,8.941427565428341,7.020814090592786,8.455802344977325,
21737,4.7546368912484,4.316197535530323,4.719539494635227,3.676589515656402,3.709939860790338,3.8801668124497803,3.203859811832592,6.528478935236902,5.092541154261407,5.426015891353307,6.220474856055047,5.401554027020167,4.7471301401439545,6.761255056227398,5.821821879211606,5.341003846198522,6.770371675621668,6.098795305394158,4.727358272944989,5.09955625166699,
21850,-1.0,-1.0,-1.0,-0.29417011066753906,-0.9757889798446582,-0.09287140524616178,0.18530073605155772,7.260579908438524,5.991400481447155,6.822629800933596,7.245949648709688,6.797007689378695,5.577579635484584,7.483184801542773,7.30888834543568,6.7232583742175756,8.25559609402908,7.646238295867038,5.975846225071323,4.511515371831065,
22106,2.6416118130543875,2.364161477392195,2.619401707268502,1.5926900593295321,1.9679344425028908,1.61693037184377,1.044427908203033,-0.5277189020687885,-0.7769886713676059,-0.9978323491098474,-0.7150267826827401,-1.0,-0.780565912879024,-0.4960709582607975,-1.0,-1.0,-0.8916135101635954,-1.0,-1.0,-0.0036647980091473187,
22638,5.011430702467494,4.553426513160262,4.974767126369761,3.6209567283835487,3.9110487406717285,3.7582358398726257,2.947579210052953,3.7709965085462445,2.746265542668319,2.783341444593547,3.454726871626894,2.767382997644813,2.540409098170078,3.930798640358473,3.014715122644426,2.73174856875943,3.6510685752088055,3.1777169456697782,2.3706115870988236,3.3077828227805126,
22819,-1.0,-1.0,-1.0,-0.40371926848685713,-0.9795466796928081,-0.23366336530765563,0.0013347417524633975,5.978486891770631,4.906291949921998,5.608509345599736,5.966127338703831,5.586863943992677,4.556698654886962,6.166542130723661,6.019297561007326,5.524560977998341,6.819070420434282,6.304288715759041,4.893151810194145,3.6560941486474645,
22844,0.7774461312982552,0.6420244963007193,0.7666055286663851,0.42135311734691605,0.45397562590046725,0.47764035095763213,0.25963853704427287,1.0548203957110638,0.6528622792488605,0.7286423490240934,0.9601656726366954,0.7219258322700528,0.5597262169595079,1.119428597310916,0.834971831430033,0.7056387057277578,1.096949691984506,0.909473693850162,0.5405768848037411,0.703492033951151,
22880,10.417137418780653,9.547278473962153,10.347504563094581,7.931027496426772,8.33255772600397,8.235881617110607,6.75723227571433,9.872130460234512,7.647694768934688,7.900331656568007,9.268251933329326,7.864405924842947,7.1660071678468125,10.224431868839511,8.446362247208148,7.780560443048964,9.86248483052841,8.829894881583106,6.930828732226504,8.38973136496988,
23216,-1.0,-1.0,-1.0,-0.30548445955179915,-0.9761770789221008,-0.10741254264917022,0.16630054030589303,7.128164032484651,5.879329364266939,6.697234200523589,7.1137682936585716,6.672022807632866,5.472142005349282,7.347200602028238,7.17569809237126,6.59945568310198,8.107230255570922,7.5076403729193295,5.864024440323654,4.423166594398537,
23262,8.369822156322552,7.655945874109406,8.312675828825249,6.388405258187066,6.661068077088772,6.6553867805362446,5.465095069808448,8.6116985097526,6.6802640383969845,6.9569449292051315,8.114886618161608,6.925323813104688,6.250428703835349,8.919396601517336,7.445628539550242,6.8503607981979835,8.686793448682836,7.788530291352462,6.090648413676203,7.165777075578831,
2340,1.2544026417545906,1.082642223076708,1.2406530924539605,0.6050495272588983,0.8373510388305154,0.6200559110731083,0.26563838040276466,-0.7076262354460403,-0.8619409881613975,-0.9986580783059733,-0.8235824115996351,-1.0,-0.864155541256987,-0.6880340296345719,-1.0,-1.0,-0.9329014728747947,-1.0,-1.0,-0.3832014979220615,
23731,2.307613192065199,2.0556098381960592,2.2874401361037675,1.3548956570365203,1.6957236573146575,1.376912714748289,0.8569186026796372,-0.5710352255887244,-0.797442657144226,-0.9980311600884096,-0.7411637424931228,-1.0,-0.8006918039017015,-0.542289944154334,-1.0,-1.0,-0.90155442094641,-1.0,-1.0,-0.09504592279433288,
23866,-1.0,-1.0,-1.0,-1.0,-1.0,-1.0,-1.0,-1.0,-1.0,-1.0,-1.0,-1.0,-1.0,-1.0,-1.0,-1.0,-1.0,-1.0,-1.0,-1.0,
24583,0.006198703442440001,-0.07046245165712428,6.192094273327342E-5,-0.28362452945323957,-0.17994230542552092,-0.27692678892652256,-0.4351125775841421,-0.869505962525924,-0.9383806618491053,-0.9994010653449199,-0.9212602285744603,-1.0,-0.9393690746606483,-0.8607614500240517,-1.0,-1.0,-0.970052177128513,-1.0,-1.0,-0.7247067397893777,
25283,5.474612132450072,4.981318667454398,5.435123623579139,3.609679278181476,4.276845895781551,3.6527773977933604,2.6348953205060326,-0.1603067313131561,-0.6034964932668005,-0.9961460200941828,-0.4933312101934064,-1.0,-0.6098566580728086,-0.10403819653639435,-1.0,-1.0,-0.8072939901027333,-1.0,-1.0,0.7714364731770833,
25545,10.966616400915775,10.054893266321146,10.893632285692213,8.378070545755373,8.782301453207804,8.702506023113047,7.159477231146035,10.596846752369332,8.234400396768216,8.519468921769771,9.963548207385973,8.481189274871095,7.719437675358744,10.971532676219129,9.10363798591093,8.391509843505752,10.611004337621214,9.513856733837159,7.4826539933252985,8.97605650775662,
2563,-1.0,-1.0,-1.0,-0.2641621669621387,-0.9747596625249298,-0.05430536516152262,0.23569310154778766,7.611773617592467,6.288635771762774,7.15520431816835,7.596521360953364,7.128492897570613,5.85722157528127,7.84384242714709,7.662135859450844,7.051608173536742,8.649092332637256,8.013828045135428,6.2724202353012455,4.74583421481145,
25788,-1.0,-1.0,-1.0,-0.4078101076512938,-0.9796870015904201,-0.23892088874026207,-0.005535007950629001,5.930610336355333,4.865771287173053,5.563171055393843,5.9183355771466415,5.54167415406852,4.518576409305255,6.117375404930671,5.971141020217326,5.4797986233406295,6.765426963896234,6.254176966766324,4.852721296590366,3.624150583662132,
25892,-0.5004613323195777,-0.5385206253302541,-0.5035080070402467,-0.5936628079129117,-0.5911345754470112,-0.575882697222589,-0.6344407098075766,-0.34203557281145935,-0.46736696197581995,-0.4379719635268283,-0.36878013634988416,-0.4401091947309219,-0.49757349187460653,-0.32170935546439017,-0.4033518534355145,-0.4454050165511121,-0.32050233189406874,-0.3791272864055507,-0.49907550229700126,-0.4675543511457195,
26705,5.940963379663555,5.4121391341459075,5.898630605377824,4.618794812133112,4.680150063239633,4.858099742624113,4.033747970154341,7.8244135323518496,6.131798790452094,6.50825231385526,7.453367506401495,6.47954186846785,5.728008952946377,8.098276189509333,6.9705806042449705,6.4087953574351815,8.085328028808494,7.2941948905325305,5.691815115110143,6.186135413916844,
26967,-1.0,-1.0,-1.0,-0.3117824783859313,-0.9763931103812901,-0.11550672095060588,0.15572427189818439,7.05445606314178,5.816946100856603,6.627433997155441,7.040190868024196,6.60245122669001,5.413451205974854,7.271506361162256,7.101559073776077,6.530542156717183,8.02464389956318,7.430491229117463,5.801779965311326,4.373988133495968,
27313,5.2482007385572045,4.772157304717552,5.210093107513904,3.448482917778464,4.092319315627992,3.4900739347043697,2.5077862830324618,-0.1896700537047793,-0.6173618661735328,-0.9962807903236052,-0.511048964492105,-1.0,-0.6234996217062658,-0.13536917924967073,-1.0,-1.0,-0.8140327468683625,-1.0,-1.0,0.7094909244893788,
27540,10.548126292067003,9.668287451332354,10.47769453828805,7.988703691349562,8.438093858585642,8.284281684212527,6.771015948328801,9.472678594047606,7.303259684370252,7.506048134393705,8.862800151613005,7.471336117283265,6.842305320785478,9.814896220710846,8.027487048787568,7.391208552704823,9.399782009267794,8.394012892175652,6.579156059517725,8.147718067967125,
27729,-1.0,-1.0,-1.0,-0.944494877851062,-0.9980960913509294,-0.928665129916466,-0.9067902009647267,-0.3504036825748841,-0.4502095425827388,-0.3848432473759601,-0.3515541784175691,-0.3868581215730751,-0.48275162807681227,-0.3328984565006695,-0.3466047988255897,-0.39265762766977763,-0.2721574992436474,-0.3200762393403296,-0.45143269976710354,-0.5665848973489145,
2775,1.3498658946823805,1.1708322374145768,1.3355341172215192,0.6730157574896669,0.9151541356191628,0.6886575904410694,0.3192321593425693,-0.6952455940654296,-0.8560948442108867,-0.9986012542907271,-0.8161119639739761,-1.0,-0.8584031731202421,-0.6748237513185922,-1.0,-1.0,-0.9300601686874246,-1.0,-1.0,-0.35708300856315933,
28617,2.894651114064339,2.5979219967513223,2.8708977274643726,1.772844483806185,2.17416291915768,1.7987691471106082,1.1864860504252355,-0.49490220302570975,-0.7614926125861208,-0.9976817287542918,-0.6952252696664378,-1.0,-0.7653184205944807,-0.4610551852936753,-1.0,-1.0,-0.8840822182425812,-1.0,-1.0,0.06556607447967955,
28650,-1.0,-1.0,-1.0,-1.0,-1.0,-1.0,-1.0,-1.0,-1.0,-1.0,-1.0,-1.0,-1.0,-1.0,-1.0,-1.0,-1.0,-1.0,-1.0,-1.0,
29214,-0.062325555770798235,-0.13376592411556287,-0.0680444104066481,-0.1600142803674205,-0.2298764958756333,-0.1046060366082191,-0.1840762880433009,1.1392301530058773,0.7650525183768218,0.9112131191630535,1.0874270627764369,0.9043968457004248,0.6630568595660258,1.201749754693357,1.0294222330804983,0.886383786234455,1.2885612079680167,1.1118189943885368,0.7038305047735105,0.6027170857704993,
30745,-1.0,-1.0,-1.0,-0.24903541257983608,-0.9742407922407864,-0.034864545704327066,0.2610954731027404,7.7888074400741285,6.438469604913681,7.322852361146971,7.773241639975318,7.295591828937351,5.998186747031237,8.025646931053807,7.8402049878498286,7.217126571416351,8.847450507733226,8.199126974819652,6.421920722671034,4.863952391108606,
31067,-1.0,-1.0,-1.0,-0.6761586470005394,-0.9888917575706261,-0.5838009187349497,-0.45617293929388725,2.7900313015064953,2.2077199131000325,2.589095697185761,2.783318801544499,2.5773400328280363,2.017855039592561,2.892164507901818,2.8121956641027626,2.543503157448406,3.2465540312293113,2.96697497570901,2.2005834748366806,1.5287347873283275,
31078,-1.0,-1.0,-1.0,-0.3824243525487474,-0.9788162322482099,-0.20629525939107585,0.03709531227671392,6.227708917373148,5.117222781546147,5.844518398975724,6.214907968786284,5.822099977240211,4.755144495068563,6.422480154837589,6.269977054082535,5.757571991463369,7.098312124077422,6.56514607030588,5.103613369282503,3.8223767874370207,
31821,-1.0,-1.0,-1.0,-1.0,-1.0,-1.0,-1.0,-1.0,-1.0,-1.0,-1.0,-1.0,-1.0,-1.0,-1.0,-1.0,-1.0,-1.0,-1.0,-1.0,
32041,-1.0,-1.0,-1.0,-0.7840100112853688,-0.9925912205629778,-0.7224108841169898,-0.6372878274603183,1.527808170446503,1.1394284003974242,1.3937916882782257,1.5233311857204637,1.3859511027926463,1.0127956788306638,1.5959271734471838,1.5425909657340546,1.3633831809886732,1.832291641527381,1.6458229386042627,1.1346686647871094,0.6865708876230217,
32399,-1.0,-1.0,-1.0,-0.9791171799526591,-0.9992836880603841,-0.9731615173991041,-0.9649314624571156,-0.7556008801529401,-0.7931510689196898,-0.7685581570024491,-0.7560337338557666,-0.7693162177659851,-0.8053944527557692,-0.7490148485968806,-0.7541716173633832,-0.7714981793128117,-0.7261621382380423,-0.7441907162789874,-0.7936112601665835,-0.8369352368926269,
33429,-0.9223897898157504,-0.9283028250242925,-0.9228631326833449,-0.7974295273291563,-0.9316941126575851,-0.7548995277363315,-0.7090429564226317,0.73414470102665,0.46393969444118355,0.6327203220486441,0.7270992803245426,0.627326491289637,0.3774942164945758,0.7812794224223343,0.7341619575563925,0.6119341486041674,0.9340608504188816,0.8045708288878943,0.45594051121500945,0.17155151911990596,
33729,1.3811181483440893,1.1997034167845237,1.3665957641147126,0.6952661816314967,0.9406249009862779,0.7111160445527103,0.33677740657380784,-0.6911924853240571,-0.8541809645966812,-0.9985826515458583,-0.8136663284335635,-1.0,-0.8565199933348111,-0.6704990404354939,-1.0,-1.0,-0.9291299975852421,-1.0,-1.0,-0.34853247597945947,
33963,7.662852582302703,7.002839522114378,7.610018045801379,5.837155023807332,6.083240290894866,6.08576564382062,4.987734071070716,7.959249800037879,6.16236473328883,6.425492206346078,7.499794356130815,6.396031243348088,5.761315712511964,8.245692547645925,6.8815874305274605,6.326074631678948,8.03744420227352,7.201588496671219,5.617099621397265,6.598208037957379,
34668,8.278628584658659,7.571700238789985,8.222038444634823,6.124513654077683,6.579919990316284,6.3341443876124215,5.079775848223731,6.271310330922608,4.703884995150595,4.751782408652919,5.783313120014391,4.727438149912287,4.39079051928689,6.515466165126939,5.103449680809792,4.673264208060326,6.07503447677213,5.351256410384218,4.124238603973832,5.587194763671734,
34679,9.246636531896087,8.465956741976756,9.18414253390676,7.005009236330769,7.375414235952883,7.2756441669970755,5.9444905617655435,8.635826536822615,6.658138048721498,6.872630284928877,8.094073983552153,6.840765121805177,6.231929293296415,8.948730554096633,7.35551849315374,6.766601919573115,8.612513253977642,7.694761678560381,6.014995233507841,7.345898646293785,
35969,3.261974624113588,2.937259538940285,3.235980939965544,2.4047521817282766,2.4862385151043225,2.5387542772108467,2.0146957934531864,3.8875104342557876,2.9297692882829014,3.1074951436827885,3.6606166328512204,3.0915129130858006,2.7084284025237375,4.0413625924995955,3.360124462240611,3.0528126466074177,3.983763927877379,3.537150282068774,2.660604945723031,3.0582559081280998,
36351,-1.0,-1.0,-1.0,-0.25069704007466376,-0.9742977885473696,-0.03700005999348954,0.25830510063137124,7.769360818577178,6.422010818677934,7.304436738692411,7.753829460264113,7.277236524706316,5.9827021560031115,8.005676264859321,7.820644641178639,7.19894488393299,8.8256614716166,8.178772456689465,6.405498553445201,4.850977472337935,
3681,7.266380448117616,6.63657415689792,7.215963985945313,5.559606700207363,5.760275305134657,5.8069257153203075,4.773086133403809,7.963128010770653,6.184885668350977,6.477621280663052,7.523967347093571,6.448224799997199,5.781455974247339,8.24761528928885,6.937207541706701,6.377774506750196,8.087601291633787,7.259466845170449,5.663796282427845,6.5266286854993965,
37306,2.4638332297939005,2.1999276457777657,2.442707391454239,1.4661184231301885,1.8230438809919933,1.489175356240525,0.9446216916821983,-0.5507750290809907,-0.7878757840228267,-0.9979381709063588,-0.7289387912774599,-1.0,-0.7912783894223998,-0.5206720952581725,-1.0,-1.0,-0.896904792594803,-1.0,-1.0,-0.052304540451634685,
3789,9.640679146360787,8.829977689866087,9.57578189162673,7.458431734184691,7.7024912284935905,7.780993728917682,6.456024930881506,10.710195278091954,8.39467407459315,8.788862943767343,10.144591580190594,8.750487600448295,7.8667210284529965,11.081046434596477,9.390615991830025,8.658260965350882,10.89121606962162,9.812486360532318,7.7235904888035325,8.803644085518307,
37946,8.019167216478893,7.332006942384039,7.964159525307501,5.976755457863448,6.369725566929311,6.195202299338554,4.996193539262171,6.670316315664988,5.054176759223248,5.161345483516842,6.194898339116891,5.1358136858901995,4.719662906371364,6.923876402559527,5.538635442659196,5.07777705500332,6.552082504227931,5.804111189927062,4.489605043838148,5.804877579148213,
38127,-1.0,-1.0,-1.0,-0.3842289249462263,-0.9788781317786031,-0.20861448566329388,0.03406489230822407,6.206589360500833,5.099348094572388,5.8245185349464315,6.193825816624756,5.802165620432949,4.7383278104370286,6.40079147125116,6.248733988595343,5.73782618713948,7.074648641578412,6.543040513136145,5.085778449371806,3.8082856747502323,
38426,0.6975383089458098,0.5682047616610402,0.687185062264732,0.20858315627095458,0.3835034246449862,0.21988278435493336,-0.046989390354121086,-0.7798460413997879,-0.8960432102275975,-0.9989895489647569,-0.8671596594438103,-1.0,-0.8977107423034257,-0.7650933440307707,-1.0,-1.0,-0.9494756091217912,-1.0,-1.0,-0.5355580823118683,
39084,0.36944123996902656,0.2651050418226426,0.36108904968388056,0.5668079589196862,0.13640266365748488,0.7447066369797297,0.7626541508243474,6.103855370586698,4.945947098481009,5.559859280584556,6.021150526539487,5.537560743604235,4.597625302501755,6.3024043243925405,5.966757560609706,5.475724120264512,6.801303186516816,6.2496155339064625,4.849041100289092,3.995918355374088,
39123,3.566309021307478,3.2184070384114953,3.5384592087462607,2.2510395437894655,2.7215679526486984,2.2814350838402424,1.5635597861294785,-0.40779480384333777,-0.7203604628759867,-0.9972819278048072,-0.6426648858063264,-1.0,-0.7248460563504002,-0.3681106478335706,-1.0,-1.0,-0.8640914430929669,-1.0,-1.0,0.2493298722252062,
39141,-0.8490456518112884,-0.8605466949550102,-0.8499663188714325,-0.6403759302610544,-0.8683222120688401,-0.5674592686458081,-0.49181693483597144,1.9705822443536727,1.5068484094025192,1.7946417586372823,1.9575913362638642,1.7853986749994069,1.3588669953372627,2.0514173822846153,1.9682626348594447,1.7590525108149433,2.310956886457767,2.088777342857315,1.492047411827242,1.0102313789829402,
39315,7.633429242277019,6.975657913493773,7.580774158042464,5.817679138628161,6.059310606854283,6.0665138291182785,4.973688228275937,7.9726661597540005,6.175147515401882,6.441793367276087,7.514693598109538,6.412296468454655,5.773264132179842,8.259317572505392,6.898920482476087,6.342186009404527,8.055876431036262,7.21962528947814,5.631651833435499,6.601655383826433,
39733,1.4353563643698046,1.2498092837256638,1.420503182521843,0.7338817427469173,0.9848293570640978,0.7500926412134259,0.36722714373047416,-0.6841583242081939,-0.850859430825513,-0.9985503665239275,-0.809421933446984,-1.0,-0.8532517390475178,-0.6629935144127854,-1.0,-1.0,-0.9275156877269145,-1.0,-1.0,-0.3336930458881232,
39827,4.262351779108836,3.8614190761083815,4.230256817949723,3.2999349430872256,3.30782714192413,3.4927729109411816,2.8835464277475644,6.158402391043059,4.80321209627405,5.13572629968298,5.87626157535227,5.11250731547093,4.47362562183808,6.378647942855016,5.513798987795252,5.054691131828147,6.412600871400889,5.778266347843444,4.468753242405293,4.760548268042541,
4007,-0.975955861956615,-0.9777877579722559,-0.976102506595552,-0.7835646864136077,-0.9735670260727032,-0.7265606106579918,-0.651788577461521,1.335794107923995,0.9757492066159845,1.209018957404703,1.3304260001899415,1.2017693081759773,0.8588681885975902,1.3988636720358056,1.3463174685542905,1.1809435010087035,1.6143705407722124,1.4415805228650194,0.9698844388521042,0.5629556617100395,
40273,4.953360384590102,4.499780507926336,4.917050978011057,3.238567722512623,3.852022741885073,3.278196140817678,2.342260719337295,-0.22790793660784925,-0.6354178102027508,-0.9964562925431,-0.5341216061074923,-1.0,-0.641265937074441,-0.17616941405450826,-1.0,-1.0,-0.8228081772736735,-1.0,-1.0,0.6288233962888707,
40522,9.518874482084009,8.717453186881533,9.454720111165605,7.083389364970843,7.593329853675568,7.3229127464941755,5.903463424758312,7.320062245300079,5.531321403511231,5.593351018501724,6.766699888053544,5.565514467928517,5.1725282778306925,7.598923725990476,5.996546472395178,5.503413439562244,7.106803811978521,6.280613908076846,4.874050807868304,6.518938502022335,
40602,-1.0,-1.0,-1.0,-0.27418854552140304,-0.9751035822951921,-0.06719121036359721,0.218855795469028,7.494431319493717,6.189322284269763,7.044083141666004,7.479386887040977,7.017735685521771,5.763786451003027,7.7233380060479675,7.544107335557095,6.941898577299397,8.51761573801734,7.891007434138125,6.173327697452036,4.667542631544204,
41457,0.7493926086711864,0.6161083402214755,0.7387231038216171,0.9564986844440371,0.45015324281825153,1.1709158801273447,1.176100246446131,7.547934042054388,6.1497164163984595,6.880940097179365,7.443215908711137,6.854089090719268,5.731147544350411,7.787371956049,7.369717192762058,6.779799861475078,8.37542347650205,7.70953686089538,6.026915955143008,5.030493942806935,
41754,6.362374777126527,5.80144366803302,6.3174718245248425,4.953837722868212,5.0248037904522995,5.205933540176557,4.329130351984813,8.288846794317537,6.5044264332775334,6.896558248102466,7.895399531288389,6.866325930534051,6.07969433404221,8.577414488000246,7.382757392255581,6.791920957072076,8.55701049931181,7.7231065067444025,6.037864041412699,6.5748406991019035,
4339,10.568103932366247,9.686743017536028,10.497550335423558,8.134227404217489,8.458879549157142,8.46738450817194,7.002724396917062,11.011924942990571,8.605042361673918,8.961246807146921,10.39829738143873,8.921756603865424,8.067088299086011,11.395725753253224,9.573128961307468,8.827909991949527,11.122127662174506,10.002409556100972,7.876821866603329,9.178450912645106,
43421,-0.19995046324581334,-0.2609053436433071,-0.20482994677054278,-0.43039494943477175,-0.3479550545917097,-0.4250694365044062,-0.5508462502725467,-0.8962414741013525,-0.9510051814079454,-0.9995237745867656,-0.9373923684878438,-1.0,-0.9517910890117731,-0.8892885301626166,-1.0,-1.0,-0.9761878625631719,-1.0,-1.0,-0.7811085975866023,
43600,-1.0,-1.0,-1.0,-0.31810005247884743,-0.9766098126150834,-0.12362603156039054,0.14511516432769644,6.980519231603843,5.754369138301838,6.557417065149925,6.966384985531111,6.532663626979161,5.35457817250424,7.195577090756419,7.027189854584039,6.461414654814424,7.941801114096226,7.353102538322846,5.739342222090566,4.324656974172694,
43782,3.070501952645113,2.7603749563995277,3.045676055868907,1.8980436386086645,2.3174823577359347,1.9251388493250357,1.2852100167707587,-0.4720960854655315,-0.7507235544969428,-0.9975770544379857,-0.6814641161413264,-1.0,-0.754722104947903,-0.4367208110867996,-1.0,-1.0,-0.8788483119101619,-1.0,-1.0,0.11367839116032075,
44159,0.07315836782234642,-0.008604369299616499,0.0666131998862971,0.04784572625003691,-0.11563511767139723,0.1359266306129212,0.07906046579575277,2.460561842858743,1.8767966996603942,2.1459332104490647,2.3994809960806656,2.1349923733648364,1.709354936510958,2.5593924401785757,2.3408074779206083,2.1053395180924293,2.7533970370283467,2.4764479138275775,1.8048227710683626,1.5096632144017632,
44332,-1.0,-1.0,-1.0,-0.3141724496605959,-0.9764750899681227,-0.1185782985596795,0.15171079109520913,7.0264853736149995,5.79327290909628,6.600946226094558,7.012269717205001,6.576050213233952,5.391179229931881,7.242781921605674,7.073424809741484,6.504390861709473,7.993304041151195,7.401214683205572,5.7781594409521695,4.355325898278065,
44351,-0.6250013686260395,-0.6535720954054822,-0.6272884765606417,-0.4478020975931942,-0.684590738392816,-0.3639647755300224,-0.31051448024399464,2.386583960294896,1.8480627957262752,2.1612058703827692,2.3613839210050163,2.1506292243397587,1.680476936255371,2.4797935341768316,2.357470902403546,2.1208284652693026,2.7511795202728475,2.4937878915616394,1.8188127877761833,1.3297018976191013,
44654,4.425895917895649,4.012502969670999,4.392803504836228,2.8630329457014634,3.422136186627596,2.899150307867312,2.0461382516899,-0.29631487019619784,-0.6677195923702589,-0.9967702630812709,-0.5753981764315479,-1.0,-0.6730495784068131,-0.24916035238021428,-1.0,-1.0,-0.8385072756381672,-1.0,-1.0,0.4845105362297346,
44745,-1.0,-1.0,-1.0,-0.3127514559610929,-0.9764263477603765,-0.11675204546772933,0.15409706702854842,7.043115771649338,5.807348164600457,6.616694932445296,7.0288706612487815,6.59174733653382,5.4044213713617975,7.25986047316165,7.090152463482394,6.519939511115318,8.011937629687944,7.418621497975698,5.792203382253526,4.3664218135070065,
4486,-1.0,-1.0,-1.0,-0.4571927516572706,-0.9813809000883762,-0.3023871844290674,-0.0884633242108176,5.3526675727141635,4.376625323965058,5.015869009265711,5.34141640420179,4.996164731960312,4.058382985267496,5.523858324649904,5.389818407716296,4.939448994309094,6.117868941938823,5.649252020672789,4.364663570529868,3.2385432218118,
45044,7.880360151088656,7.203775432231938,7.8261990409820275,5.618590751325411,6.2477012889799255,5.762151514689634,4.482757482254081,3.6171735060086263,2.4768631889789816,2.2870356323197814,3.154270649433248,2.271000654951232,2.2945336802101863,3.787736739498019,2.485744827064865,2.240061342357909,3.147216739672131,2.6272698777983563,1.9265069985926395,3.7418335845833823,
45220,4.498553969619007,4.079625285606444,4.465018416791313,2.914762734076517,3.481352914083793,2.9513637430369357,2.0869290213612834,-0.2868918382523652,-0.663270032811884,-0.9967270137459271,-0.569712342842865,-1.0,-0.6686713925730707,-0.23910587533564465,-1.0,-1.0,-0.8363447301531114,-1.0,-1.0,0.5043895838483039,
45938,-1.0,-1.0,-1.0,-0.8132302529399154,-0.9935935185250424,-0.7599645739664306,-0.6863574042297212,1.1858332204205881,0.8499954723518204,1.0699471803989749,1.1819619053200583,1.0631673098287728,0.7404942796469947,1.244736732736761,1.1986161227816083,1.0436524930908142,1.4491245943225857,1.2878823409809903,0.8458796583675625,0.45840286373845296,
46019,-1.0,-1.0,-1.0,-1.0,-1.0,-1.0,-1.0,-1.0,-1.0,-1.0,-1.0,-1.0,-1.0,-1.0,-1.0,-1.0,-1.0,-1.0,-1.0,-1.0,
46385,7.906985758566044,7.228372464421502,7.852662259498416,5.940846227398289,6.279804921969578,6.171083402601459,5.007035648450835,7.170243950298985,5.48273760501603,5.648479237483689,6.699684889679514,5.621418446787103,5.122560810384579,7.436693144403245,6.056120598381272,5.558788641187325,7.125190589661772,6.342606808706775,4.924067118666403,6.117447245578562,
46478,4.427207496292907,4.013714620375453,4.394107083947333,2.8639667399791544,3.423205130518131,2.900092832639045,2.046874581539649,-0.29614477142749895,-0.6676392716617392,-0.9967694823709079,-0.5752955392656944,-1.0,-0.672970546092809,-0.2489788551534844,-1.0,-1.0,-0.838468238699053,-1.0,-1.0,0.4848693805531945,
46826,-1.0,-1.0,-1.0,-0.740602045382786,-0.9911022624538735,-0.666623211045263,-0.5643927932425231,2.0358271370847434,1.5693938613344471,1.8748770783976454,2.0304504032476878,1.865460753826011,1.4173114932695623,2.1176361605218723,2.053580862078832,1.8383573089360428,2.401503296813989,2.1775595833750834,1.5636775515685084,1.0255246142189143,
46961,6.910062932778991,6.307404074978372,6.861819642848898,4.873137352364851,5.455029330191277,4.994656780535066,3.8462710583825928,2.8518824307057704,1.8762367697578721,1.6809067653104917,2.4400197630103087,1.667432765086415,1.7268943595263417,2.996781270336883,1.8425521555213282,1.6422024014006853,2.4018599610261075,1.9579628806263831,1.3865053782500985,3.0497153915306416,
47413,6.91274186235314,6.309878899901141,6.864482233693855,5.081845907462137,5.464306265361068,5.262361720961989,4.195056559257753,5.2724990314310505,3.9248128301990306,3.972862429189715,4.856212048735971,3.9518798061045812,3.6542223254226425,5.482642210504118,4.276975225378963,3.9050416139404414,5.113738881474184,4.491226188528204,3.4303601366813794,4.665268471016126,
47484,0.5799101285049959,0.4595385408749164,0.5702742933617504,0.34175686961667395,0.2950764837988864,0.414138021840611,0.25124811513068646,1.74359742880968,1.2453989353922004,1.4050452541871121,1.6578377943218232,1.3962304557792735,1.1166686610730858,1.825740340753034,1.5535451676063383,1.3735653049775531,1.8915173406111925,1.65722189304813,1.1438654218745263,1.126096276347,
48437,9.379910699660838,8.589076899792156,9.316603865620735,7.191299226351212,7.48716873197945,7.48888914694043,6.172806176347592,9.722842472512758,7.571674654234556,7.88572738480034,9.172340309994404,7.850464869353038,7.0917458574900145,10.065731697533371,8.431505948728288,7.76675125138887,9.815064497992156,8.814435401143468,6.918355914039438,8.096094329542014,
49020,0.8001114576969202,0.6629629768025591,0.7891326197662789,0.28161136377176366,0.4671011271686534,0.2935937678650862,0.010595936886769852,-0.7665433167280431,-0.8897616581678772,-0.9989284928202224,-0.8591328290976487,-1.0,-0.8915299502764894,-0.7508991928658871,-1.0,-1.0,-0.9464226907671367,-1.0,-1.0,-0.5074943445698552,
49145,2.4872129028314567,2.2215260476461407,2.4659444724094812,2.00068065062801,1.8598637679140584,2.171600156982521,1.827485310446285,5.5136226334026475,4.343635768520583,4.7420866540596345,5.323521082218177,4.721210172065359,4.036560883073552,5.7072695394292605,5.096812830544983,4.66709513859458,5.895269620084198,5.344350096742989,4.11866654126925,3.9982765964060034,
50851,6.636559311319028,6.054738388881774,6.589984113617677,4.599334324555882,5.2294097950465686,4.6964803593124795,3.559927031668531,1.8909244340400737,1.076194750490239,0.8043231268668283,1.4947686680958854,0.7938825425143223,0.9734840894489365,2.0085064565622277,0.9116525652375618,0.7769148012653122,1.356754076283896,0.9892677492806994,0.6049552932295557,2.3573940993215423,
51253,-1.0,-1.0,-1.0,-0.2872049837735836,-0.9755500655819404,-0.08391986342696867,0.19699727959394853,7.342095282255221,6.060391597090891,6.8998234846120665,7.3273206511742455,6.873948534149424,5.642487168459103,7.566896839670687,7.3908804267407096,6.7994714610027,8.346930284105786,7.7315593453100515,6.04468385136722,4.565902986358264,
51470,-1.0,-1.0,-1.0,-0.271763317852998,-0.975020393361359,-0.06407432143604119,0.22292848236412643,7.522814627219553,6.213344698373737,7.0709616551997065,7.5077199252738005,7.0445261616192525,5.786386978926549,7.7524861829781795,7.572656630810229,6.968435651150305,8.549417915955782,7.920715861989759,6.197296667215532,4.686480168444556,
51996,-0.9027977967002903,-0.9102035239763091,-0.9033906306784119,-0.793125489605959,-0.916057354641134,-0.7532156964789074,-0.7142402548206086,0.6238099620496282,0.3696064141107216,0.5258406697027931,0.615956731991377,0.5207852869430913,0.28879629197725,0.6680731946339362,0.6206262261103925,0.5064006822476332,0.8081720761722335,0.686425422623417,0.3606199616190622,0.1016004459499249,
52295,-1.0,-1.0,-1.0,-1.0,-1.0,-1.0,-1.0,-1.0,-1.0,-1.0,-1.0,-1.0,-1.0,-1.0,-1.0,-1.0,-1.0,-1.0,-1.0,-1.0,
52488,-1.0,-1.0,-1.0,-1.0,-1.0,-1.0,-1.0,-1.0,-1.0,-1.0,-1.0,-1.0,-1.0,-1.0,-1.0,-1.0,-1.0,-1.0,-1.0,-1.0,
52600,8.014764940643252,7.327940071026134,7.959784098849836,5.9029209886875975,6.363712563913527,6.101175223732219,4.874995137377026,5.84231545372578,4.3536059662470254,4.377780679542034,5.368589365947573,4.354817968892528,4.060547250933057,6.073539821886695,4.7063666455363045,4.30416851800687,5.624854674086981,4.938051369771685,3.79086185398127,5.251606223798069,
52959,-1.0,-1.0,-1.0,-0.8671544604935807,-0.9954431994406201,-0.8292676615243028,-0.7769123720347904,0.5547389125306845,0.31586432212679183,0.4723115186392044,0.551985324483238,0.46748913397648706,0.23797834085601766,0.596635788205885,0.5638311321612082,0.4536086399525321,0.7420127358557489,0.6273243857692439,0.31293682697378444,0.0373324283012173,
52965,-1.0,-1.0,-1.0,-0.3092274775937599,-0.9763054700353497,-0.11222304833596297,0.1600148869108715,7.0843581521987,5.842253946328236,6.655750770984828,7.070039997684296,6.630675252229322,5.437261080610693,7.302214247319609,7.131636032297527,6.558499220540214,8.05814780143765,7.461789345036209,5.827031506653645,4.393939011680528,
53028,9.70129773831788,8.885977819024491,9.636030772200769,7.357697010752938,7.746959986876256,7.639625076176262,6.248417236924987,9.034027120158278,6.973095765540694,7.1941512276960715,8.468288053015579,7.160963211887962,6.529446091195436,9.360024103873378,7.696737879475984,7.08377136189765,9.006143121131334,8.04983494500189,6.301470856844958,7.696632983381825,
54109,8.826735198353987,8.078047221927413,8.766802168835866,6.546839569358084,7.0277309098721705,6.769271993270726,5.4413836435334915,6.718010223599958,5.055356061912463,5.107810563915239,6.20115566080432,5.081974987423702,4.722906367977919,6.9770514974711,5.481262184603918,5.024447598966644,6.512208096803753,5.744408514872017,4.4414365032361065,5.987768739553962,
55194,5.282114390045834,4.803487112987274,5.243799920430544,4.00458664851423,4.138206106785878,4.198114973988579,3.4201440085371164,6.040428903486072,4.65388099885479,4.899372911475205,5.706279331059153,4.876323054903789,4.335828105418237,6.262793776420481,5.262109015413292,4.820740860011894,6.162585085199173,5.516357487425304,4.2574433209410705,4.872599659226196,
55222,7.220283537855767,6.5939893187298875,7.170148219667469,4.993252958268895,5.7044050295872974,5.088104103437463,3.8512420726972376,1.713004616579214,0.8972861645044481,0.5644938020070276,1.2872739324702978,0.5544924298239111,0.8067075636992351,1.8288249796068463,0.6565462736206569,0.5397890004199839,1.089954764493231,0.7238038633318205,0.3907771520170422,2.347880421766801,
55594,-1.0,-1.0,-1.0,-0.421580025065737,-0.980159330338603,-0.2566179089753413,-0.02865884202649216,5.769456062707069,4.729377222971729,5.4105606772409836,5.7574667227916985,5.389563633410259,4.390255506866276,5.951878369605092,5.809044305340764,5.329126865753313,6.584861085683342,6.085498948055209,4.7166306777786104,3.516627350875371,
55679,7.630302231805636,6.97276914645674,7.577666219135249,5.144449203838787,6.03374564833195,5.201896629300598,3.845115746736198,0.11926499109653377,-0.4714826109925774,-0.994862856538416,-0.32463834157129334,-1.0,-0.4799603612264237,0.19426785633852584,-1.0,-1.0,-0.7431334768358706,-1.0,-1.0,1.361227489032136,
56302,-1.0,-1.0,-1.0,-0.23734547965690744,-0.9738398100694601,-0.019840709812123825,0.2807263874453523,7.925618910505717,6.554260964702573,7.452410515364981,7.909810804495155,7.4247256305316665,6.107124418694244,8.166145176879908,7.977816541129483,7.345038939120753,9.00074140563392,8.342325707604875,6.537454473344121,4.955233939218348,
56346,10.194003417049473,9.341144802539667,10.125731450452435,7.704112172836073,8.148367942130859,7.988072862248332,6.517682833455294,9.046751252360913,6.959956663566405,7.145982713176734,8.455760290852794,7.11266014777962,6.5183866448299455,9.375651110153258,7.645263675216141,7.035925180485862,8.963468550467406,7.996270831775455,6.258254951353602,7.7972916696044905,
59080,3.7426491706897416,3.381312028817878,3.7137238636570817,3.0161526958814866,2.887224239226286,3.2301225516428964,2.7365815580365425,7.100140287694968,5.625476926626903,6.091053792771376,6.842943322588685,6.065014081866763,5.245847323745468,7.343063398008695,6.52883869091572,5.998188451971449,7.52782526481319,6.834517772592312,5.320944364362071,5.291662931434865,
5921,0.006198703442440001,-0.07046245165712428,6.192094273327342E-5,-0.28362452945323957,-0.17994230542552092,-0.27692678892652256,-0.4351125775841421,-0.869505962525924,-0.9383806618491053,-0.9994010653449199,-0.9212602285744603,-1.0,-0.9393690746606483,-0.8607614500240517,-1.0,-1.0,-0.970052177128513,-1.0,-1.0,-0.7247067397893777,
59626,-1.0,-1.0,-1.0,-1.0,-1.0,-1.0,-1.0,-1.0,-1.0,-1.0,-1.0,-1.0,-1.0,-1.0,-1.0,-1.0,-1.0,-1.0,-1.0,-1.0,
59857,9.438114465434452,8.642846185676177,9.374452647980046,6.870300653023159,7.522172987316615,7.064912886473138,5.596840673003119,5.488655611607554,3.9852162240541933,3.8689102537852564,4.94267222321394,3.8467698223488274,3.7177236264117886,5.7177450049637715,4.164964675459047,3.8009258307328215,5.064129438905559,4.37466788782716,3.336320075082016,5.281903931301462,
60129,3.957250532769767,3.579563152871647,3.927016377018936,2.529375133243025,3.0401875190488523,2.5623729672501936,1.78303725312457,-0.35709354963540074,-0.6964193097920076,-0.9970492218606203,-0.612071877538694,-1.0,-0.7012889343699908,-0.31401186098840483,-1.0,-1.0,-0.8524557223368888,-1.0,-1.0,0.3562904187593219,
60927,4.903531267734714,4.4537478158155395,4.8675257677809185,3.224936763957589,3.8121610598074778,3.2704637065308813,2.3509714340326973,0.021295315643940604,-0.4220849381024889,-0.7543749465466635,-0.2828081793389037,-0.758681999839782,-0.4406919043260743,0.07949043011111323,-0.7428392533450412,-0.7609645469343693,-0.5378298318598843,-0.7323982458925102,-0.7840970116327333,0.7857721173662398,
61067,1.661372488874758,1.4586054922076706,1.6451408399379717,1.0076499156805987,1.172904824849089,1.0575503905627968,0.6836287985697012,0.6659154850593842,0.2808178240430128,0.2523232612487156,0.5266874459749311,0.24664244280122083,0.21203880052118818,0.7246362135088882,0.32848565457063494,0.23485086453554627,0.5590634970284487,0.3824236244994721,0.11534916022656394,0.6093656241102219,
61359,4.065985184009957,3.680013432511175,4.035087858149128,2.6067900977827647,3.12880688131927,2.6405117217111274,1.8440816936075644,-0.3429917389243322,-0.689760428975956,-0.9969844981131011,-0.603562880701989,-1.0,-0.6947368661765125,-0.2989650763731725,-1.0,-1.0,-0.8492194171576103,-1.0,-1.0,0.3860399270178456,
62821,-1.0,-1.0,-1.0,-0.6336631220423106,-0.9874340975496704,-0.5291859096211498,-0.38481016793332146,3.2873716450848693,2.6286474455587325,3.0600686114370266,3.2797783088521966,3.0467703302285285,2.4138678803477553,3.402907105952133,3.3124444880687376,3.0084932690329564,3.8038007853857287,3.487534448819882,2.6205745404497343,1.8605636636356442,
63045,-1.0,-1.0,-1.0,-1.0,-1.0,-1.0,-1.0,-1.0,-1.0,-1.0,-1.0,-1.0,-1.0,-1.0,-1.0,-1.0,-1.0,-1.0,-1.0,-1.0,
63073,2.431560475384331,2.1701137164718443,2.4106314678235217,1.4431414410024055,1.7967414016823549,1.465983551201146,0.9265035277546252,-0.554960486693792,-0.789852158828539,-0.9979573810991017,-0.7314642857914044,-1.0,-0.7932230619372892,-0.5251380238191462,-1.0,-1.0,-0.8978653371963079,-1.0,-1.0,-0.061134279296448546,
64920,-0.1510795079451237,-0.21575781182880605,-0.15625705429005665,-0.3904179578660556,-0.3079471717316321,-0.3832890546754084,-0.5147063914513811,-0.829248196879887,-0.896676380562542,-0.9420552363750324,-0.8730202160433569,-0.9427486881883854,-0.9005488694480945,-0.8202360056465375,-0.9389900874254065,-0.9432902093983663,-0.9067719695592331,-0.9365130182764189,-0.9487782540056393,-0.7272680737276636,
65637,2.4095288435270397,2.149760650032228,2.388734206376726,1.4274557513024653,1.7787854957894216,1.4501512084066874,0.9141348060608863,-0.557817771823821,-0.7912013700417774,-0.997970495315789,-0.7331883643959979,-1.0,-0.7945506309568808,-0.5281867779697111,-1.0,-1.0,-0.8985210718997761,-1.0,-1.0,-0.06716207454305712,
65919,5.140934269193242,4.673063347817339,5.103480853852809,3.9868232428208126,4.025982001724043,4.203012069276149,3.4798491180509945,6.990589758166915,5.46490707205371,5.8164141194804495,6.661986594506539,5.790444362882825,5.098476500499491,7.237825886521472,6.236243219811731,5.726215797085143,7.243509331039213,6.530042605484513,5.075291645524542,5.480143309304172,
65931,-1.0,-1.0,-1.0,-0.9461432237369293,-0.9981526320784742,-0.9307835747566657,-0.909558269618824,-0.3696948646468573,-0.46653677155705087,-0.40311167131763703,-0.3708111940015575,-0.40506670942278833,-0.4981124487150115,-0.35270949451140066,-0.3660087970513989,-0.41069398651350997,-0.29377237270454826,-0.3402680611073279,-0.46772360441611815,-0.5794561058728896,
66404,-1.0,-1.0,-1.0,-0.22773199923439258,-0.9735100533224164,-0.007485518967744964,0.29687031333038494,8.038128913877063,6.649484605228647,7.558955590290866,8.022121542126124,7.530921729491048,6.196711773960633,8.28168708328364,8.090984510705342,7.450230564327761,9.126803638465693,8.460088420465231,6.632466263194252,5.030301382417159,
66405,5.8323671722938375,5.311816750493028,5.790696723752157,4.457053967271714,4.588747648795561,4.671558653000189,3.831007206913392,6.822280144584259,5.288905648371696,5.5725214361988415,6.4585697397328685,5.546940297780678,4.934719677478412,7.068573217457978,5.976752891060411,5.485014956342347,6.9750322373685405,6.260016685700759,4.857432823139862,5.497190383049307,
66719,-1.0,-1.0,-1.0,-0.27253353805028957,-0.9750468130653168,-0.06506420409159286,0.22163505092891933,7.513800464482923,6.2057154977128555,7.062425395174911,7.498721727462579,7.036017861118578,5.779209350490701,7.7432291079091655,7.563589752632618,6.960007827848078,8.539317965305722,7.911280858645863,6.18968443976958,4.680465857459394,
6720,5.382411763521136,4.896142941628774,5.343485582556783,3.5440360981116967,4.201702068102087,3.5865204879051653,2.5831333488677566,-0.1722642088540962,-0.6091428190782254,-0.996200901894342,-0.5005463218308764,-1.0,-0.6154124132786796,-0.11679695445666516,-1.0,-1.0,-0.8100381800007354,-1.0,-1.0,0.7462107001083738,
67388,6.558067879926754,5.982227131957389,6.511971399640658,4.737703880085631,5.17210198055546,4.889727153324047,3.84206973153789,4.1541513092051625,2.995501644148846,2.957153945967429,3.7580063685634,2.939708583946581,2.7789798387954243,4.332314613347203,3.1983540406351842,2.902444184374904,3.901664227919361,3.368811804492319,2.5247882711008094,3.8527513683069134,
67657,6.3877344170704475,5.824871185341164,6.3426767966143185,4.25978785422485,5.021045777006306,4.308964153137331,3.14752895036957,-0.041883786401777034,-0.5475771299873198,-0.9956024887035002,-0.42187510542146467,-1.0,-0.5548342764347635,0.022320367061714474,-1.0,-1.0,-0.7801164312902825,-1.0,-1.0,1.0212642754233965,
67986,8.521809737280078,7.796353691072872,8.463736441059995,6.452140804606465,6.783413304081734,6.7074503319939005,5.475737017736514,8.110916170709462,6.249048238071502,6.464136715370568,7.607208574975951,6.434039561587699,5.845138177869201,8.405908946328035,6.922091029476186,6.36372344181593,8.108128171462761,7.243736586017404,5.651104998059171,6.860083563416147,
68316,3.596183129169738,3.246005071370801,3.5681511151191954,2.843506669711001,2.765508462649838,3.0370034841805786,2.5395444358680814,6.281012984477308,4.939309896192911,5.3332550072020695,6.032766672445728,5.309784275444237,4.599907475383579,6.5011013685746075,5.724027359863948,5.2501021143297475,6.626955090758271,5.997030221648133,4.645253483439812,4.717736608131776,
68487,3.0682559499918236,2.7583000741791794,3.0434437515335837,1.8964445695559076,2.3156518527357166,1.923524829802811,1.2839490942062444,-0.472387369834516,-0.7508610990957456,-0.9975783913596293,-0.6816398763912015,-1.0,-0.7548574432451178,-0.4370316146603047,-1.0,-1.0,-0.8789151604256683,-1.0,-1.0,0.11306389087250435,
68953,7.235875888746152,6.608393705825562,7.185645473172272,5.459674942201295,5.732731069313946,5.684484808313742,4.62461637460804,7.043809357883493,5.408294012764092,5.610770267420152,6.607838902062598,5.58423115435709,5.050750155339102,7.30336447776482,6.016491926334308,5.521953091048545,7.061072196326069,6.301369169251068,4.890796299417128,5.907546595537513,
69171,-1.0,-1.0,-1.0,-0.6783967372972259,-0.988968527412909,-0.5866772997673335,-0.45993136624081254,2.7638381294440806,2.1855511358716058,2.5642912051733884,2.757172020039968,2.5526167850362875,1.9969984318173024,2.865265486088945,2.7858493125763926,2.5190137586748755,3.2172057985727323,2.9395589335077923,2.1784640180334622,1.5112585239110894,
69268,-0.9972544821502985,-0.9974636600880007,-0.9972712269998348,-0.9466998257431325,-0.9960011609219735,-0.9320381118834014,-0.912234155523205,-0.398729523180962,-0.4912436857297474,-0.4309425578447028,-0.3999350157118102,-0.43280806802967564,-0.5213497062561543,-0.3825123096728248,-0.39557140111671363,-0.43817294879088176,-0.32662159925828016,-0.37103093921670716,-0.49254331210729074,-0.5983146322226534,
69382,0.404996115319592,0.2979510309418203,0.39642707667627963,3.041643613295175E-4,0.14507986471580092,0.009656491480477314,-0.21122474977172379,-0.8177858755967535,-0.9139584155352434,-0.99916368321601,-0.8900524592254512,-1.0,-0.9153385764873485,-0.8055755576412038,-1.0,-1.0,-0.9581826386251893,-1.0,-1.0,-0.6155968400214539,
70377,-1.0,-1.0,-1.0,-0.21431105400184947,-0.9730496948416553,0.009763004186437607,0.3194081181231032,8.195199041135417,6.782422023122665,7.707698350720127,8.178913483496451,7.679177300356482,6.321780628913798,8.442989913242744,8.248973194824218,7.597083834816468,9.302793420352069,8.624491617878839,6.765107925940879,5.13509964481948,
71554,7.3460229187554695,6.710148756673694,7.295120719006313,5.487464990490539,5.8207648273336545,5.698568521493746,4.601429932441066,6.465547745085943,4.913533367588494,5.04970420376404,6.024961284524944,5.024937447444955,4.5855654407785105,6.710092254806596,5.420480078177716,4.967949558200863,6.40042960183218,5.681158588475499,4.390406015156673,5.542331388827172,
71623,5.122035852832896,4.655604780686356,5.0846976984944865,3.5645109360404126,3.9965552662394277,3.663970154762933,2.7826449127921866,2.2031348882963866,1.4139276719032674,1.2850848793284362,1.8839784624275673,1.273968175505971,1.2872245467703989,2.3212611947025055,1.4232562572807694,1.2524594631482548,1.8815722029299362,1.5216431105263326,1.0344795009814445,2.282385426957973,
71682,-1.0,-1.0,-1.0,-0.5399229025918333,-0.9842186679160116,-0.4087115080306345,-0.22739213734047148,4.384446995829185,3.55716496132567,4.098980458756036,4.374910636527744,4.082279342960563,3.2874264640830653,4.52954628198313,4.415935610593,4.034207744735589,5.033022758147212,4.635828517298943,3.5470263185253446,2.5925398356120755,
71865,7.836809085980246,7.163542474119298,7.782913592807217,5.938062609639449,6.224228860827592,6.181287989115969,5.046866555710702,7.7133015713852835,5.945763562984039,6.171322573156773,7.245374153350081,6.142590905580451,5.557994833058476,7.994020380493021,6.611508503760543,6.075031502185201,7.741770234402548,6.920544070216557,5.3903509898798765,6.466651250169344,
72204,8.586423568258297,7.8560446664548245,8.52795619378525,5.875190280521288,6.8147057221716345,5.9532671873267935,4.465885976935001,0.8286524123522843,0.08251723010543377,-0.4399412429419097,0.33453378792167676,-0.4474632296783313,0.04377474837703277,0.9277395333605432,-0.4111886874750261,-0.45268949211591614,-0.05877614494212824,-0.38728230447460466,-0.5056550285679335,2.013394539892828,
72521,3.526243510353539,3.1813940739763256,3.498638056412167,2.2225144133513832,2.688914332213264,2.252643258170372,1.541066710822271,-0.41299090504079916,-0.7228140639979248,-0.9973057765962057,-0.6458002000973979,-1.0,-0.7272603001722422,-0.3736549440348935,-1.0,-1.0,-0.8652839260699368,-1.0,-1.0,0.23836805613979584,
72661,-1.0,-1.0,-1.0,-0.18073351726034814,-0.9718979351455845,0.05291666511799753,0.3757949042538806,8.588168975639077,7.11501491850481,8.079834248513327,8.57118743148692,8.050094310418896,6.634687357884303,8.846549543776582,8.644241244415822,7.964492463642966,9.74309797901234,9.035807982406588,7.096960878706765,5.397291870872744,
73344,2.8794405955908964,2.5838703506873233,2.8557799775894783,1.76201516918732,2.1617662596609635,1.7878385839951356,1.1779467524270615,-0.49687485709580825,-0.7624241006491235,-0.9976907827379675,-0.6964155641319001,-1.0,-0.7662349670050266,-0.46316002853127713,-1.0,-1.0,-0.8845349339054693,-1.0,-1.0,0.06140451751710163,
73892,0.7743564216568597,0.6391701881851073,0.7635346630922615,0.2632747509347322,0.44611062558438763,0.2750857171718317,-0.0038631315587794868,-0.7698834906188059,-0.891338889652485,-0.9989438233742913,-0.8611482815564053,-1.0,-0.8930818819793576,-0.7544631945491803,-1.0,-1.0,-0.9471892463736363,-1.0,-1.0,-0.5145408531909188,
74062,6.366146857141035,5.8049283574853545,6.321220898711037,4.244418326964002,5.003451792272838,4.29345092873742,3.135409533953058,-0.04468347978715381,-0.5488991463550532,-0.9956153385886334,-0.42356443331332305,-1.0,-0.5561350868312199,0.019333063925855987,-1.0,-1.0,-0.7807589489349405,-1.0,-1.0,1.0153579770624188,
7478,1.765222894079387,1.554543651060453,1.7483578639356212,0.9687342521268869,1.2536724642410872,0.9871409002170877,0.5524166625316871,-0.6413778921304178,-0.8306584932082248,-0.9983540151516606,-0.7836083291743818,-1.0,-0.8333748371330673,-0.6173463304865663,-1.0,-1.0,-0.9176977617355799,-1.0,-1.0,-0.2434424501683785,
75171,6.0708956032355035,5.532171966762966,6.027770375338934,4.03421058646258,4.7628203327314615,4.0812778544683415,2.96965328798182,-0.08297465235535662,-0.5669802537860582,-0.9957910853942245,-0.44666922977756873,-1.0,-0.5739261619644431,-0.021524031528290966,-1.0,-1.0,-0.7895466090902321,-1.0,-1.0,0.9345780277434148,
75173,-1.0,-1.0,-1.0,-0.157795102409941,-0.9711111132318794,0.08239698657166916,0.41431540390537247,8.85662545744648,7.34222496876273,8.334058007391938,8.83916845175309,8.303485389025571,6.8484488500945995,9.122240351393827,8.914267678112996,8.215486799901852,10.043890997417154,9.316797784515488,7.323665438915551,5.576407870300062,
7540,-1.0,-1.0,-1.0,-0.2087877892252855,-0.9728602386046076,0.0168614729406531,0.3286833413801695,8.25983978635155,6.8371311769876995,7.768912045822297,8.243439743906183,7.740190497139736,6.3732515491238715,8.50937258775906,8.313991963545035,7.657519927964865,9.37522037288677,8.692150219690822,6.819695364534762,5.178228391814759,
76013,-1.0,-1.0,-1.0,-1.0,-1.0,-1.0,-1.0,-1.0,-1.0,-1.0,-1.0,-1.0,-1.0,-1.0,-1.0,-1.0,-1.0,-1.0,-1.0,-1.0,
76266,6.793266733860979,6.199506447972309,6.745735781232754,4.548511545945801,5.351556933147658,4.60038726220375,3.3751978038021946,0.010709751199854178,-0.5227424399067824,-0.9953610976567321,-0.39014029815078266,-1.0,-0.5303979503513563,0.07843824076311967,-1.0,-1.0,-0.7680464395974327,-1.0,-1.0,1.132216827069592,
76854,-1.0,-1.0,-1.0,-0.22948971327185208,-0.9735703455410252,-0.009744523139823436,0.2939185826459003,8.017557757169106,6.632074060629348,7.5394750519646205,8.001586818860961,7.511504997396065,6.1803317591262745,8.260561578068584,8.070293052464223,7.430997488675315,9.103754612878358,8.4385568663988,6.615094453048094,5.01657616606807,
76959,-1.0,-1.0,-1.0,-0.17533491810354285,-0.9717127551256229,0.059854914320484065,0.38486077642920113,8.651350714472205,7.168489231954082,8.139666289187122,8.63425726955043,8.10973037822171,6.6849965278565895,8.911433894820352,8.707792474384393,8.023564453618162,9.813890182663865,9.10193946178861,7.150316224120502,5.439447158837705,
77422,8.411573500752146,7.694516230251118,8.354172532775822,6.39473460184424,6.6942931424212535,6.6553216234115276,5.449245600402653,8.34330105464441,6.451077985663602,6.697674255161772,7.844826611577583,6.666877579040799,6.034918494730927,8.64398334167993,7.1702150748360225,6.594359121524251,8.381242264471545,7.50193473887791,5.8594210944144285,6.994510765124161,
77536,7.850362852772566,7.176063594561851,7.796384695490975,6.112618429720477,6.240931782224975,6.4029643054091245,5.331402611771349,9.645013907758885,7.580024331277841,7.9989650344758605,9.17297121582536,7.9642390957910365,7.095559556412217,9.977858639226863,8.552749556753636,7.879449325074804,9.904598065208155,8.94060163220297,7.020147721823477,7.758038388115036,
78005,4.699793710307494,4.2655327952750195,4.66503080097986,3.058037828185869,3.645364452998689,3.095978385251631,2.199906505844455,-0.26079303075755,-0.650946165181705,-0.996607226814911,-0.5539643885577571,-1.0,-0.6565452075052003,-0.21125816534045494,-1.0,-1.0,-0.830355165578814,-1.0,-1.0,0.5594482358904285,
78874,9.688080710637415,8.873767781917062,9.622894354864851,7.438148685108189,7.739270424349659,7.745616821587596,6.391901927056823,10.083996637405333,7.862386273247667,8.190070018915463,9.51707476371046,8.15362782886111,7.366064587247397,10.438219372677064,8.754571832638572,8.067046692800686,10.18411240232024,9.150618113128962,7.189590504399877,8.394707349305515,
79258,9.205753143310549,8.428188213093014,9.143508492157729,6.96759229398778,7.341809011825626,7.23558525870955,5.907584150053163,8.533275148398516,6.573326795773351,6.780512581992544,7.9937976873840455,6.748973395581448,6.152029984105645,8.843203205194143,7.257700556502643,6.675678420907464,8.502333198171684,7.592972226742797,5.932870783670137,7.269827719140107,
79545,8.473688654863004,7.7518989001647345,8.41590884800584,6.514498429615107,6.747508489286428,6.797042554106614,5.610972205045729,9.235430599566095,7.203124060541327,7.534914222916157,8.73219545921042,7.501338412302527,6.7426151148957,9.560476598575157,8.059459021799915,7.420927065945346,9.37365467247196,8.427282962245329,6.60599858741964,7.601365401010291,
79783,-1.0,-1.0,-1.0,-0.3377994334710296,-0.9772855308263093,-0.14894356495906702,0.11203397700099282,6.749970322734886,5.559242431662639,6.339091138268124,6.736244400345762,6.315052801207376,5.171001011485493,6.958815383780921,6.795292679907801,6.24586213782104,7.683481770410639,7.111790084835553,5.5446496274477965,4.170833166489157,
79879,3.3363839315625663,3.0059996843841033,3.309936426778294,2.0873415646596998,2.534177690292006,2.1162066131818906,1.4344781337178998,-0.4376138178956842,-0.7344410135722805,-0.9974187895437951,-0.6606576032979832,-1.0,-0.7387007461867849,-0.3999278584795817,-1.0,-1.0,-0.8709347791436234,-1.0,-1.0,0.18642298579855554,
80461,-1.0,-1.0,-1.0,-0.41482329612093416,-0.9799275644370179,-0.2479341990255851,-0.017312261338119805,5.848532480710548,4.7963041110387366,5.485444710914357,5.836403089061929,5.464202393165106,4.453220993850478,6.033085727297049,5.888583167651959,5.403059642182801,6.673462539057718,6.168267175131281,4.783408668928872,3.5693876774149516,
80563,4.880381744443561,4.43236202884151,4.844517432894127,3.1866096872895815,3.7925447330315496,3.2257523248099638,2.301289968944997,-0.2373725457049476,-0.6398870025099932,-0.9964997327070705,-0.5398325272450628,-1.0,-0.6456634407354517,-0.18626825437149164,-1.0,-1.0,-0.8249802645373853,-1.0,-1.0,0.608856636539584,
80811,-1.0,-1.0,-1.0,-0.32339185745550425,-0.9767913294350485,-0.1304270294845873,0.1362286317103194,6.918587343297316,5.7019526447236,6.498768611837365,6.904562784392006,6.4742072698352215,5.305264210067295,7.1319762710275185,6.96489578435354,6.40351121700543,7.8724093099058,7.288279260738637,5.687042343142203,4.283335595021182,
81474,2.21979938001439,1.974486462380637,2.2001618984511184,1.6691320443255817,1.6370782097796455,1.7980134024291283,1.4403067965453098,3.826892455716183,2.9290357900365427,3.177464678925616,3.6534713686998446,3.1618715889017963,2.704984419139152,3.973696185344803,3.435102249204215,3.1225058229954543,4.036266016334906,3.6151722491517946,2.7235536207333984,2.822854402265077,
81583,3.9410845120134717,3.564628803176247,3.9109489524473977,2.5178655370901586,3.027012119730114,2.5507557623198513,1.773961529050883,-0.35919012291775687,-0.6974093125579908,-0.9970588446021649,-0.6133369445427125,-1.0,-0.7022630568709999,-0.3162489273663347,-1.0,-1.0,-0.8529368769284124,-1.0,-1.0,0.35186743894091466,
81633,-1.0,-1.0,-1.0,-1.0,-1.0,-1.0,-1.0,-1.0,-1.0,-1.0,-1.0,-1.0,-1.0,-1.0,-1.0,-1.0,-1.0,-1.0,-1.0,-1.0,
8208,5.477267256164239,4.983771500259062,5.4377625537555,4.216218581185906,4.299750199672197,4.431776847975789,3.6517734336255225,6.916460821847777,5.385847154161082,5.705108946776516,6.57076676808224,5.679304212525848,5.024984882153291,7.163446843809531,6.1178066173611505,5.616126884626378,7.121588551020102,6.406797347494843,4.975856499477718,5.493600837289353,
82214,-0.7557286086354962,-0.7743393730458599,-0.7572184141724901,-0.4334910528022965,-0.7874507578849084,-0.31989863042595135,-0.20357584528013006,3.6263821784996146,2.903718288801712,3.3512512330210944,3.60568032561659,3.336854292039428,2.6733027623121055,3.7523224236770014,3.6215727261711237,3.295833422658067,4.155421164640166,3.80921363134049,2.8801075806324286,2.132448967031385,
83318,4.900248890255117,4.450715519009072,4.864263409445259,3.3596791126262557,3.8141879274988213,3.4442784432869793,2.5793260306592747,1.625157487232824,0.9355144787493339,0.7648566388913731,1.3183814788824932,0.7555754671480308,0.8365425583510384,1.7265561892566392,0.8708305954846927,0.7389700598464322,1.2596025076367363,0.9467883629276654,0.5706826237987574,1.8552658947693477,
84509,-1.0,-1.0,-1.0,-0.878477162964493,-0.9958315850585705,-0.8438195349097843,-0.7959265959656555,0.4222252715613237,0.20371046083128008,0.34682333640901963,0.4197063775676222,0.34241197365143416,0.1324628642278467,0.46055118911859516,0.4305425423447944,0.3297145430902533,0.5935373562387953,0.48862413348990463,0.20103248219742498,-0.051081578617819035,
84725,10.267938065492174,9.409446452716614,10.199215173193153,7.80340543262907,8.210225425130398,8.101163890473549,6.637537374705163,9.602355132585505,7.426608317531942,7.66309398615647,9.006594266269772,7.628033818019748,6.9576125662715205,9.946611469596528,8.194472096292335,7.546424101752219,9.577453858296668,8.567777715163796,6.719350748006874,8.181825121407027,
85321,-1.0,-1.0,-1.0,-0.8532050877953984,-0.9949647151079866,-0.8113400063702159,-0.7534871785476597,0.7179934156162711,0.454035930430589,0.6269107786341748,0.7149506885727106,0.621582022126349,0.3679715745998082,0.7642896496429392,0.7280403587606676,0.6062440144734502,0.9249318236001876,0.7982006864886884,0.45080103526164494,0.14625694852257487,
85792,-0.6821117569306404,-0.7063313070283436,-0.6840505499347025,-0.7414217868536711,-0.739812911648098,-0.7301071709598294,-0.7673713607866397,-0.5812953645163832,-0.6610517030755219,-0.642345794971618,-0.5983146322226536,-0.643705851192405,-0.6802740402838405,-0.5683604989318847,-0.6203148158226002,-0.647075919623435,-0.5675923930234983,-0.6048991822580778,-0.6812298650980917,-0.6611709507290943,
86292,2.551778817433695,2.2811727573472664,2.53011660099962,1.5287323596344042,1.894720037601167,1.5523747007009088,0.9939949975160529,-0.5393693546651088,-0.7824900198739408,-0.9978858217430985,-0.722056636246897,-1.0,-0.7859790163066613,-0.5085021172430416,-1.0,-1.0,-0.8942872391513782,-1.0,-1.0,-0.028242864105136545,
8703,7.225461041264795,6.59877235393844,7.175294145603575,4.85621756790228,5.70379776403446,4.910970176485981,3.6178348967112655,0.06676108574588624,-0.4962749766873459,-0.995103836195803,-0.3563190649689385,-1.0,-0.5043550418337419,0.1382456212187726,-1.0,-1.0,-0.7551828983108929,-1.0,-1.0,1.250464027669841,
87048,1.6340292004530084,1.4333454583831093,1.6179643175966163,0.8753292977348532,1.1467488540536759,0.8928626577601373,0.47876354891081463,-0.6583924188972201,-0.8386927597434244,-0.998432107529808,-0.7938748514957399,-1.0,-0.8412802289965639,-0.6355010146498725,-1.0,-1.0,-0.9216025227784406,-1.0,-1.0,-0.2793366920451723,
87436,-1.0,-1.0,-1.0,-0.20816308813002515,-0.9728388104233461,0.01766433526661748,0.32973240246303837,8.267150886935811,6.843318978898856,7.775835534722832,8.250737895847413,7.747091308959867,6.3790730951713694,8.516880706807166,8.321345819946185,7.664355467289949,9.383412121500156,8.699802650701384,6.825869400011342,5.183106408092283,
88184,7.539981688175599,6.889330024140614,7.487896538400996,5.15316805519964,5.9626387099309115,5.230840201977927,3.9170378290470564,0.9621734263776598,0.24630168328433322,-0.18560389276688782,0.5214021542708969,-0.19333808283014475,0.19509962797571845,1.0594215793399475,-0.1403799932877201,-0.2009680309240619,0.2117426702843206,-0.10547848124447623,-0.2782937103597327,1.9067257491817804,
89305,1.365311572665869,1.1851011264482696,1.350885592374075,0.684012496797201,0.9277424514607009,0.6997571435795484,0.32790347763557426,-0.693242442128646,-0.8551489550426953,-0.9985920603295504,-0.8149032671730644,-1.0,-0.8574724566072625,-0.6726863665272398,-1.0,-1.0,-0.9296004538947131,-1.0,-1.0,-0.3528571125908324,
89535,-1.0,-1.0,-1.0,-0.09057591232416862,-0.9688053945444326,0.16878671073122042,0.5271966472327247,9.643315706012162,8.00804584859628,9.07904039975972,9.6244653983,9.0460276784549,7.474859806196356,9.930130213137904,9.70555854512561,8.951005627574412,10.925340880178673,10.14021592579941,7.988005020589629,6.101292980776398,
89828,2.8389451010322477,2.546460162617913,2.815531464110684,1.7331839066640966,2.128762200129974,1.7587377640632944,1.1552122811318504,-0.5021267229215027,-0.7649040338514423,-0.9977148874749173,-0.699584526658291,-1.0,-0.768675120524173,-0.46876382619431756,-1.0,-1.0,-0.8857402146258545,-1.0,-1.0,0.05032505907340501,
89999,8.476610858088447,7.7545984639910905,8.41881322878175,6.353722126564381,6.744303869921136,6.58983986097193,5.339127185985628,7.32983812520343,5.590170535958509,5.729993151719002,6.82982833379501,5.702327415835737,5.2251399969549635,7.603547681426649,6.1423413149370845,5.63893231907614,7.238189161275306,6.4323281806146655,4.996454956257121,6.330487726641843,
90387,0.3626814917596777,0.2588603112774368,0.3543705290217065,-0.029822249298352532,0.11059320465093303,-0.020751588581795488,-0.23498049359397244,-0.8232736644933577,-0.9165497517086509,-0.9991888707802357,-0.8933637771347929,-1.0,-0.9178883460040915,-0.8114310877736749,-1.0,-1.0,-0.9594420626802099,-1.0,-1.0,-0.6271740072693746,
90517,2.806633744425409,2.516610572173006,2.7834171737166007,2.187848500617511,2.118813022482191,2.3494158010959207,1.9392225050821152,5.084014838598289,3.9645344459326832,4.296215987479069,4.878317982533287,4.276610391981941,3.680742614823295,5.267744374567594,4.623024669972738,4.226700680681947,5.377005462590896,4.85132561888748,3.7208909046250342,3.7713924932715086,
91468,-1.0,-1.0,-1.0,-0.7776132544205862,-0.9923718022417608,-0.7141898082551839,-0.6265457481933996,1.602671706313997,1.2027896857440088,1.4646861936484936,1.598062131263053,1.4566134014790433,1.0724066110437125,1.6728081208746302,1.6178923086860304,1.4333771083788696,1.916172756151374,1.7241815984025068,1.1978889858620576,0.7365203504085365,
91820,4.077859847985809,3.6909833791049698,4.046890098825458,2.615244410001795,3.138484800333246,2.649045077381396,1.8507482181244654,-0.34145171224714066,-0.6890332277457687,-0.9969774297798303,-0.6026336325087497,-1.0,-0.6940213297099214,-0.2973218512449821,-1.0,-1.0,-0.8488659876290385,-1.0,-1.0,0.3892888031579498,
92260,1.9155565157083712,1.6934235220088314,1.8977746043013184,1.0757661123002418,1.3761952251513527,1.0951734529839312,0.6368150738334524,-0.62188110567328,-0.8214521026266105,-0.998264529828822,-0.7718440176480981,-1.0,-0.8243161228276351,-0.5965430483747542,-1.0,-1.0,-0.9132233327219358,-1.0,-1.0,-0.20231157544559997,
92703,-1.0,-1.0,-1.0,-0.5132660151448709,-0.9833042968345214,-0.37445222655823374,-0.18262720348139327,4.696422093786768,3.821207301480511,4.394415612883548,4.6863331974040765,4.376746833697512,3.535840143733796,4.849928439021528,4.7297351602878,4.325889964937452,5.382576364564217,4.96236867176948,3.8104812252662734,2.80069175316271,
93310,9.138042969445017,8.36563680172913,9.076211281068446,6.762123696684041,7.28123052822804,6.984815853638216,5.605481765876051,6.6840060377722335,5.011470345916497,5.0375614127321295,6.151270954875414,5.011771231719238,4.682440863265796,6.943748455829796,5.406449488398264,4.954907877352078,6.438136860481336,5.666558341412204,4.3786264325363,6.023316378920697,
93383,4.168688695267598,3.774892077985492,4.137164983079308,2.6799111184641498,3.21251083003089,2.714316386157141,1.9017402073274696,-0.32967210752258047,-0.6834708935513749,-0.9969233643709484,-0.5955258488777977,-1.0,-0.6885482188428922,-0.2847528855444348,-1.0,-1.0,-0.8461626187808078,-1.0,-1.0,0.41413933159118077,
94201,6.192094273349547E-5,-0.07613167955413369,-0.00603743346317831,-0.2879936867934646,-0.18494381823963701,-0.2813367956305076,-0.4385578128406834,-0.8703018426266906,-0.9387564767599318,-0.9994047182334569,-0.9217404606098049,-1.0,-0.9397388612647163,-0.8616106627032706,-1.0,-1.0,-0.9702348282039648,-1.0,-1.0,-0.7263857469832529,
94918,8.003839170264904,7.317846722886745,7.9489249644910185,6.077961014998556,6.361078955391864,6.328281403226871,5.175869032173567,7.980491918366457,6.163796971599788,6.403933054290412,7.5035383822142006,6.3743404000565,5.763564218283599,8.269278783789778,6.8584725636184976,6.304588954895044,8.021844542814945,7.177535140895662,5.597693203791654,6.676168321396771,
96322,-1.0,-1.0,-1.0,-0.24282427475430246,-0.9740277409300466,-0.026882026385363078,0.27152584215849873,7.861498609866711,6.499992292802173,7.391689672496417,7.8458040669065205,7.364203671702011,6.056067908330676,8.100296971804681,7.91332126058132,7.285089437468736,8.928897587073907,8.275211848157655,6.483306536743917,4.912452436401906,
9635,3.010859166206406,2.7052762872272265,2.9863970293980855,2.212673615820243,2.281121982820036,2.3412128368669216,1.8513933456796683,3.6993606103201664,2.7827125825101153,2.960011544426305,3.485658592627572,2.9446613647667474,2.5694124188165364,3.846837796272413,3.203631976027019,2.9073501184805126,3.801966787480864,3.3743040298311113,2.529219437358992,2.885745600976761,
96723,-1.0,-1.0,-1.0,-0.885870798460767,-0.9960851978068076,-0.8533217935690206,-0.808342734369937,0.33569490814953684,0.1304748731216372,0.2648805421968141,0.3333292675236592,0.2607375735046331,0.06356208939882668,0.3716890181931647,0.3435061434420916,0.24881267406269503,0.49658410326064706,0.39805396164010465,0.1279598268087232,-0.1088152284778009,
9725,-1.0,-1.0,-1.0,-0.9351880624555087,-0.9977768536726598,-0.9167040632359573,-0.8911612579214133,-0.24148268981165255,-0.3580234866780383,-0.28169690494223765,-0.24282609492120633,-0.28404962295397373,-0.3960220628625921,-0.22104227683535382,-0.23704682863766235,-0.2908215606126241,-0.1501165860933138,-0.20607009578964908,-0.35945173661193497,-0.4939120665569261,
97995,7.152784531239218,6.531632986018198,7.103060887923025,5.293191568946341,5.661329714139593,5.486839721526183,4.397736524140987,5.776964882819009,4.340123153401591,4.421245276062908,5.347492881490952,4.398651611082002,4.045584741299558,6.001949540314793,4.753078006257708,4.347587552282478,5.651232881591331,4.986659262805092,3.830079045958022,5.046755638209883,
99227,-1.0,-1.0,-1.0,-0.24461666389168668,-0.9740892225564092,-0.029185594800388737,0.26851588154909245,7.840521638049347,6.482238283702475,7.371824834108471,7.824864247268474,7.344403898275356,6.039364758652399,8.078754715634306,7.892221613996245,7.265476943545801,8.905393864506076,8.253255532854256,6.465592026226793,4.89845645743828,
99465,7.143593688929096,6.523142383715762,7.093926100346479,5.4050100452773835,5.65789911893553,5.632353196897076,4.591342139675549,7.161005889485084,5.511962070784759,5.733032054492714,6.729553245947303,5.706147237796664,5.148038251674302,7.423239727065809,6.14641191168871,5.642716010605383,7.203048530064667,6.436564048044544,4.999872484066268,5.968477952198706,
99580,-1.0,-1.0,-1.0,-0.3570413428550576,-0.9779455570776269,-0.17367315842587538,0.07972102213661891,6.524775367888155,5.368647082039961,6.125835315513552,6.511448286829245,6.102495473028081,4.991686996557729,6.727551908393632,6.5687807695435545,6.035315319058974,7.431161283522636,6.876081543278703,5.354478308595483,4.020581553520839,
